name,age
Alice,25
Bob,abc
Charlie,30
,28
David,42
Eve,31
Frank,
Grace,xyz
Harry,55
Ivy,
Jack,def
Kelly,38
Liam,29
Mia,45
Noah,18
Olivia,60
Peter,15
Quinn,ghi
Rachel,27
Sam,
Tina,jkl
Uma,33
Victor,20
Wendy,mno
Xavier,
Yara,24
Zoe,pqr
Aaron,37
Beth,
Caleb,23
Diana,uvw
Ethan,17
Fiona,58
George,88
Hannah,ijk
Isaac,32
Jessica,41
Kevin,
Lily,26
Michael,53
Nora,pqrst
Oliver,36
Penny,stu
Quentin,vwx
Ruby,40
Steve,
Tara,yza
Uri,43
Violet,bcd
William,efg
Xenia,hijk
Yusuf,lmn
Zara,opq
Adam,21
Bella,rst
Chris,
Daisy,uvw
Edward,51
Faith,xyz
Gary,16
Holly,abc
Ian,34
Julia,59
Kyle,def
Lauren,ghi
Max,29
Nancy,
Oscar,35
Pam,mno
Rex,44
Sara,pqr
Tom,56
Una,stu
Vince,vwx
Willow,yza
Xander,19
Yasmine,bcd
Zach,efg
Amy,30
Ben,
Chloe,25
Daniel,52
Emily,17
Fred,57
Gina,61
Henry,80
Isla,22
Jake,39
Kate,46
Leo,31
Megan,
Nathan,54
