pid,cpu_percent,mem_percent,status
    PID %CPU %MEM S
  20517  200  0.0 R
   3673 10.8  1.9 S
   4101  8.8  1.4 S
   2912  2.7  0.9 S
   2653  2.1  0.5 S
   9731  0.3  0.8 S
  17690  0.3  0.2 S
  18210  0.3  0.0 I
  17689  0.3  0.0 S
  20291  0.2  0.0 I
   4418  0.2  0.3 S
   9917  0.1  0.7 S
   3864  0.1  0.6 S
  17253  0.1  0.0 I
  18683  0.1  0.0 I
     32  0.1  0.0 S
  19820  0.1  0.2 S
  19853  0.1  0.2 S
   6237  0.0  0.0 S
  19881  0.0  0.2 S
   1540  0.0  0.1 S
  19954  0.0  0.1 S
   2551  0.0  0.0 S
     16  0.0  0.0 S
   2930  0.0  0.4 S
   2563  0.0  0.1 S
   6179  0.0  0.0 S
  19815  0.0  0.0 I
  19711  0.0  0.0 I
